id,title,description,link,image_link,additional_image_link,availability,price,condition,brand,identifier_exists,google_product_category,material,shipping
ventanas-y-horizontes-ii,Ventanas y horizontes II – Alicia Nieto Velázquez · Collage digital impreso en papel verjurado · 30 × 42 cm,"A través de la luz, el espacio y el vacío, mi trabajo busca invitar al espectador a reflexionar sobre su propia percepción, sobre las realidades que construye y sobre aquellas otras construidas por aquellas personas con las que interactúan.",https://140d.art/galeria/p/ventanas-y-horizontes-ii,https://cdn.140d.art/art/7182a6f8-c224-44be-a6c2-6619b1e8da85.webp,,in_stock,253.00 EUR,new,Alicia Nieto Velázquez,no,500044,Collage digital impreso en papel verjurado,ES:::25.33 EUR
ventanas-y-horizontes,Ventanas y horizontes – Alicia Nieto Velázquez · Collage digital impreso en papel verjurado · 30 × 42 cm,"A través de la luz, el espacio y el vacío, mi trabajo busca invitar al espectador a reflexionar sobre su propia percepción, sobre las realidades que construye y sobre aquellas otras construidas por aquellas personas con las que interactúan.",https://140d.art/galeria/p/ventanas-y-horizontes,https://cdn.140d.art/art/65c753f4-fd74-49ea-b7e0-3324858b93f7.webp,,in_stock,253.00 EUR,new,Alicia Nieto Velázquez,no,500044,Collage digital impreso en papel verjurado,ES:::25.33 EUR
el-mapa-que-habito-ii,El mapa que habito II – Alicia Nieto Velázquez · Collage digital impreso en papel verjurado · 60 × 42 cm,"A través de la luz, el espacio y el vacío, mi trabajo busca invitar al espectador a reflexionar sobre su propia percepción, sobre las realidades que construye y sobre aquellas otras construidas por aquellas personas con las que interactúan.",https://140d.art/galeria/p/el-mapa-que-habito-ii,https://cdn.140d.art/art/95589cc3-99aa-4203-99f3-146072a33a81.webp,,in_stock,337.00 EUR,new,Alicia Nieto Velázquez,no,500044,Collage digital impreso en papel verjurado,ES:::27.91 EUR
el-mapa-que-habito,El mapa que habito – Alicia Nieto Velázquez · Collage digital impreso en papel verjurado · 60 × 42 cm,"A través de la luz, el espacio y el vacío, mi trabajo busca invitar al espectador a reflexionar sobre su propia percepción, sobre las realidades que construye y sobre aquellas otras construidas por aquellas personas con las que interactúan.",https://140d.art/galeria/p/el-mapa-que-habito,https://cdn.140d.art/art/4f77a8c8-b6a2-49fc-9969-dfa2dcd86c60.webp,,in_stock,337.00 EUR,new,Alicia Nieto Velázquez,no,500044,Collage digital impreso en papel verjurado,ES:::27.91 EUR
espacios-vacios,Espacios vacíos – Alicia Nieto Velázquez · Collage digital impreso en papel verjurado · 60 × 40 cm,"A través de la luz, el espacio y el vacío, mi trabajo busca invitar al espectador a reflexionar sobre su propia percepción, sobre las realidades que construye y sobre aquellas otras construidas por aquellas personas con las que interactúan.",https://140d.art/galeria/p/espacios-vacios,https://cdn.140d.art/art/311ccd56-7591-4559-9967-393a0e815d68.webp,,in_stock,337.00 EUR,new,Alicia Nieto Velázquez,no,500044,Collage digital impreso en papel verjurado,ES:::27.91 EUR
iluminados-por-la-misma-luz,Iluminados por la misma luz – Alicia Nieto Velázquez · Collage digital impreso en papel verjurado · 56 × 40 cm,"A través de la luz, el espacio y el vacío, mi trabajo busca invitar al espectador a reflexionar sobre su propia percepción, sobre las realidades que construye y sobre aquellas otras construidas por aquellas personas con las que interactúan.",https://140d.art/galeria/p/iluminados-por-la-misma-luz,https://cdn.140d.art/art/3a5333e4-d85c-4ee9-b965-490c14606abb.webp,,in_stock,337.00 EUR,new,Alicia Nieto Velázquez,no,500044,Collage digital impreso en papel verjurado,ES:::27.91 EUR
flortransparent,flortransparent – Chema B · Acrílico sobre tablero de madera reciclado y restaurado · 70 × 100 cm,"Composiciones vibrantes y complejas que exploran formas puras y juegos de color sobre la madera. Obra en Maderas recicladas y restauradas . Para asegurar la conservación de las piezas frente al paso del tiempo, el artista aplica una capa de barniz satinado al agua y las monta sobre una sólida estructura de madera de pino.",https://140d.art/galeria/p/flortransparent,https://cdn.140d.art/art/9099e54b-c749-4dfd-88af-74b6be5112fc.webp,,in_stock,600.00 EUR,new,Chema B,no,500044,Acrílico sobre tablero de madera reciclado y restaurado,ES:::35.34 EUR
retrogeometria-26,retrogeometría 26 – Chema B · Acrílico sobre tablero de madera reciclado y restaurado · 120 × 36 cm,"Composiciones vibrantes y complejas que exploran formas puras y juegos de color sobre la madera. Obra en Maderas recicladas y restauradas. Para asegurar la conservación de las piezas frente al paso del tiempo, el artista aplica una capa de barniz satinado al agua y las monta sobre una sólida estructura de madera de pino.",https://140d.art/galeria/p/retrogeometria-26,https://cdn.140d.art/art/f77a8a66-ea84-47d8-8358-3c978eca829d.webp,,in_stock,400.00 EUR,new,Chema B,no,500044,Acrílico sobre tablero de madera reciclado y restaurado,ES:::33.88 EUR
1-palmera-3-plantas,1 palmera 3 plantas – Chema B · Acrílico sobre tablero de madera reciclado y restaurado · 38 × 46 cm,"Una faceta marcada por el minimalismo. En estas obras, el artista utiliza elementos arquitectónicos sintéticos como arcos y escaleras, integrándolos con vegetación estilizada —palmeras y cactus— para crear estructuras visuales equilibradas. Obra en Maderas recicladas y restauradas. Para asegurar la conservación de las piezas frente al paso del tiempo, el artista aplica una capa de barniz satinado al agua y las monta sobre una sólida estructura de madera de pino.",https://140d.art/galeria/p/1-palmera-3-plantas,https://cdn.140d.art/art/ef0356d6-c961-46ef-aef0-6231a25d2e20.webp,,in_stock,250.00 EUR,new,Chema B,no,500044,Acrílico sobre tablero de madera reciclado y restaurado,ES:::32.80 EUR
oasis,oasis – Chema B · Acrílico sobre tablero de madera reciclado y restaurado · 120 × 60 cm,"Una faceta marcada por el minimalismo. En estas obras, el artista utiliza elementos arquitectónicos sintéticos como arcos y escaleras, integrándolos con vegetación estilizada —palmeras y cactus— para crear estructuras visuales equilibradas. Obra en Maderas recicladas y restauradas. Para asegurar la conservación de las piezas frente al paso del tiempo, el artista aplica una capa de barniz satinado al agua y las monta sobre una sólida estructura de madera de pino.",https://140d.art/galeria/p/oasis,https://cdn.140d.art/art/807c6ce1-235f-444d-a4a9-90cbca28beb7.webp,,in_stock,600.00 EUR,new,Chema B,no,500044,Acrílico sobre tablero de madera reciclado y restaurado,ES:::35.34 EUR
bassa-rodona,bassa rodona – Chema B · Acrílico sobre tablero de madera reciclado y restaurado · 56 × 56 cm,"Una faceta marcada por el minimalismo. En estas obras, el artista utiliza elementos arquitectónicos sintéticos como arcos y escaleras, integrándolos con vegetación estilizada —palmeras y cactus— para crear estructuras visuales equilibradas. Obra en Maderas recicladas y restauradas. Para asegurar la conservación de las piezas frente al paso del tiempo, el artista aplica una capa de barniz satinado al agua y las monta sobre una sólida estructura de madera de pino.",https://140d.art/galeria/p/bassa-rodona,https://cdn.140d.art/art/89e76a54-8229-4614-aa81-59e12da86da4.webp,,in_stock,350.00 EUR,new,Chema B,no,500044,Acrílico sobre tablero de madera reciclado y restaurado,ES:::33.52 EUR
question,? – Chema B · Acrílico sobre tablero de madera reciclado y restaurado · 72 × 98 cm,"Una faceta marcada por el minimalismo. En estas obras, el artista utiliza elementos arquitectónicos sintéticos como arcos y escaleras, integrándolos con vegetación estilizada —palmeras y cactus— para crear estructuras visuales equilibradas. Obra en Maderas recicladas y restauradas. Para asegurar la conservación de las piezas frente al paso del tiempo, el artista aplica una capa de barniz satinado al agua y las monta sobre una sólida estructura de madera de pino.",https://140d.art/galeria/p/question,https://cdn.140d.art/art/8be0d9a0-8056-46a9-b27d-9708204281bc.webp,,in_stock,600.00 EUR,new,Chema B,no,500044,Acrílico sobre tablero de madera reciclado y restaurado,ES:::35.34 EUR
es-tardor,es tardor – Chema B · Acrílico sobre tablero de madera reciclado y restaurado · 45 × 45 cm,"Una faceta marcada por el minimalismo. En estas obras, el artista utiliza elementos arquitectónicos sintéticos como arcos y escaleras, integrándolos con vegetación estilizada —palmeras y cactus— para crear estructuras visuales equilibradas. Obra en Maderas recicladas y restauradas. Para asegurar la conservación de las piezas frente al paso del tiempo, el artista aplica una capa de barniz satinado al agua y las monta sobre una sólida estructura de madera de pino.",https://140d.art/galeria/p/es-tardor,https://cdn.140d.art/art/75775b42-b0a7-480f-9ae9-624ad068cac7.webp,,in_stock,350.00 EUR,new,Chema B,no,500044,Acrílico sobre tablero de madera reciclado y restaurado,ES:::33.52 EUR
3-casas-i-una-paret,3 casas i una paret – Chema B · Acrílico sobre tablero de madera reciclado y restaurado · 38 × 46 cm,"Una faceta marcada por el minimalismo. En estas obras, el artista utiliza elementos arquitectónicos sintéticos como arcos y escaleras, integrándolos con vegetación estilizada —palmeras y cactus— para crear estructuras visuales equilibradas. Obra en Maderas recicladas y restauradas. Para asegurar la conservación de las piezas frente al paso del tiempo, el artista aplica una capa de barniz satinado al agua y las monta sobre una sólida estructura de madera de pino.",https://140d.art/galeria/p/3-casas-i-una-paret,https://cdn.140d.art/art/a82e05a1-80a6-41a1-ba6d-e0d3db5e5a51.webp,,in_stock,250.00 EUR,new,Chema B,no,500044,Acrílico sobre tablero de madera reciclado y restaurado,ES:::32.80 EUR
mercado-de-mumbai-india,"Mercado de Mumbai, India – Daniel Córdoba García · Óleo sobre lienzo · 55 × 46 cm",Perteneciente a la colección Asia. Óleo sobre lienzo. Firmado abajo a la derecha,https://140d.art/galeria/p/mercado-de-mumbai-india,https://cdn.140d.art/art/4b959420-cf91-4e14-b1f6-c9982d2e3fef.webp,,in_stock,425.00 EUR,new,Daniel Córdoba García,no,500044,Óleo sobre lienzo,ES:::23.56 EUR
naxos-grecia,"Naxos, Grecia – Daniel Córdoba García · Óleo sobre lienzo · 40 × 40 cm",Perteneciente a la colección Europe Óleo sobre lienzo. Firmado abajo a la derecha,https://140d.art/galeria/p/naxos-grecia,https://cdn.140d.art/art/71f4503c-b1ed-43e0-bf03-fddb488fc01d.webp,,in_stock,340.00 EUR,new,Daniel Córdoba García,no,500044,Óleo sobre lienzo,ES:::22.94 EUR
banos-de-la-encina-espana,"Baños de la Encina, España – Daniel Córdoba García · Óleo sobre lienzo · 46 × 38 cm",Perteneciente a la colección Europe Óleo sobre lienzo. Firmado abajo a la derecha,https://140d.art/galeria/p/banos-de-la-encina-espana,https://cdn.140d.art/art/a8190585-9869-4e0d-af3a-023aef3218c8.webp,,in_stock,370.00 EUR,new,Daniel Córdoba García,no,500044,Óleo sobre lienzo,ES:::23.16 EUR
jabalcuz-jaen,"Jabalcuz, Jaén – Daniel Córdoba García · Óleo sobre lienzo · 40 × 40 cm",Perteneciente a la colección Europe Óleo sobre lienzo. Firmado abajo a la derecha,https://140d.art/galeria/p/jabalcuz-jaen,https://cdn.140d.art/art/b48fb8ab-b711-4d1d-a511-105190b04611.webp,,in_stock,340.00 EUR,new,Daniel Córdoba García,no,500044,Óleo sobre lienzo,ES:::22.94 EUR
venezia-iv,Venezia IV – Daniel Córdoba García · Óleo sobre lienzo · 27 × 35 cm,Perteneciente a la colección Europe Óleo sobre lienzo. Firmado abajo a la derecha,https://140d.art/galeria/p/venezia-iv,https://cdn.140d.art/art/55c5c468-d52b-4055-af5d-78d3b677ab0a.webp,,in_stock,245.00 EUR,new,Daniel Córdoba García,no,500044,Óleo sobre lienzo,ES:::22.25 EUR
tiber-roma,"Tíber, Roma – Daniel Córdoba García · Óleo sobre lienzo · 30 × 20 cm",Perteneciente a la colección Europe Óleo sobre lienzo. Firmado abajo a la derecha,https://140d.art/galeria/p/tiber-roma,https://cdn.140d.art/art/4f6c4c2e-a9bf-4b16-a16b-ce2a634b87e0.webp,,in_stock,227.00 EUR,new,Daniel Córdoba García,no,500044,Óleo sobre lienzo,ES:::22.13 EUR
cor,Cor – Lluc Millán · Acrílico y collage sobre lienzo · 60 × 60 cm,"La propuesta cruza la estética pop con la mística clásica, reinterpretando la devoción desde la cultura urbana. La pieza cambia lo figuratívo por un corazón anatómico en blanco y negro sobre un fondo carmesí visceral con texturas de collage. Una llama corona el diseño mientras trazos negros radiales simulan un pulso vibrante, conectando con fuerza la vulnerabilidad y la inmensa resistencia materna en el mundo moderno.",https://140d.art/galeria/p/cor,https://cdn.140d.art/art/810ff7cf-70f3-49a9-85db-7d461d883ce5.webp,,in_stock,484.00 EUR,new,Lluc Millán,no,500044,Acrílico y collage sobre lienzo,ES:::34.76 EUR
madonna-dello,Madonna dell'O – Lluc Millán · Acrílico y collage sobre lienzo · 100 × 100 cm,"El street art y la mística clásica se fusionan aquí para bajar la iconografía sacra directamente a la calle. Esta representación de la Madonna dell'O embarazada captura el inicio de la maternidad, reflejando puro amor, sueños y esperanza sobre un fondo verde duro y desgastado. Los trazos irregulares y bordes duros de estarcido callejero envuelven la silueta, convirtiéndola en un poderoso icono de vida en el mundo moderno.",https://140d.art/galeria/p/madonna-dello,https://cdn.140d.art/art/10bb801d-0991-4083-9d62-a7916068c8bf.webp,,in_stock,660.00 EUR,new,Lluc Millán,no,500044,Acrílico y collage sobre lienzo,ES:::40.99 EUR
mater,Mater – Lluc Millán · Acrílico y collage sobre lienzo · 100 × 100 cm,"Esta pieza conecta la emotividad del arte clásico con el lenguaje directo y gráfico del arte callejero. La obra destaca el abrazo materno usando azul cian sobre un fondo rosa texturizado. Sus gruesos trazos negros definen formas esenciales e universales, mientras marcas abstractas a los lados enmarcan el tierno momento, aislando este íntimo refugio en medio del ruido y caos del mundo moderno.",https://140d.art/galeria/p/mater,https://cdn.140d.art/art/11ef4b01-86c2-46d0-ab80-5a1c0de6d0b5.webp,,in_stock,600.00 EUR,new,Lluc Millán,no,500044,Acrílico y collage sobre lienzo,ES:::40.56 EUR
la-corona,La Corona – Lluc Millán · Acrílico y collage sobre lienzo · 60 × 60 cm,"Esta obra fusiona el barroco y el arte urbano, transformando un ícono sagrado en símbolo callejero. La obra traslada el amarillo de la corona al fondo con trazos tipo grafiti y marcas de desgaste, dejando la pieza en un color rosa inesperado. Con líneas negras como halo, este vibrante estudio conecta la fuerza materna con la realidad moderna.",https://140d.art/galeria/p/la-corona,https://cdn.140d.art/art/fa68b67f-8070-4acd-b397-d6e6195c10f1.webp,,in_stock,484.00 EUR,new,Lluc Millán,no,500044,Acrílico y collage sobre lienzo,ES:::34.76 EUR
la-pieta,La Pietà – Lluc Millán · Acrílico y collage sobre lienzo · 120 × 120 cm,"Una pieza central de la serie. El street art y la herencia barroca se encuentran aquí, vistiendo de grafíti la iconografía sagrada. La pieza cambia la paleta sombría tradicional por vibrantes turquesas y naranjas sobre La Virgen de la Piedad. Su corona de estrellas aporta un sentido cósmico, mientras el estilo linóleo y trazos de caligrafía abstracta rodean la escena, convirtiendo la tragedia divina en una escena cruda de puro agotamiento y cuidado humano.",https://140d.art/galeria/p/la-pieta,https://cdn.140d.art/art/e2e692b5-f8e6-4e98-9766-6adb4bb4185f.webp,,in_stock,1000.00 EUR,new,Lluc Millán,no,500044,Acrílico y collage sobre lienzo,ES:::68.36 EUR
umbral-1,Umbral #1 – Pilar Español · Técnica mixta sobre papel · 12 × 12 cm,"La serie “Umbrales” continúa la exploración llevada a cabo sobre el proceso creativo en la novela híbrida “ El Límite ”. No se trata de una ilustración del libro, sino de otra manifestación de una misma búsqueda. Esta serie de obras explora la idea del puente como metáfora del umbral al instante previo a la creación. Se explora el espacio suspendido entre lo definido y lo intangible, entre lo visible y lo ausente. Cada obra captura la tensión entre la presencia sólida, pesada y estructurada del puente negro y la sutilidad de los finos cables que lo sustentan. Este contraste entre la fuerza de la estructura y la fragilidad de su soporte invita a reflexionar sobre el proceso creativo, como un espacio en el que se construye y se deconstruye simultáneamente.",https://140d.art/galeria/p/umbral-1,https://cdn.140d.art/art/7ea48b7e-a4fa-45a7-8976-cfe5b1b99d02.webp,,in_stock,90.00 EUR,new,Pilar Español,no,500044,Técnica mixta sobre papel,ES:::12.62 EUR
umbral-4,Umbral #4 – Pilar Español · Técnica mixta sobre papel · 12 × 12 cm,"La serie “Umbrales” continúa la exploración llevada a cabo sobre el proceso creativo en la novela híbrida “ El Límite ”. No se trata de una ilustración del libro, sino de otra manifestación de una misma búsqueda. Esta serie de obras explora la idea del puente como metáfora del umbral al instante previo a la creación. Se explora el espacio suspendido entre lo definido y lo intangible, entre lo visible y lo ausente. Cada obra captura la tensión entre la presencia sólida, pesada y estructurada del puente negro y la sutilidad de los finos cables que lo sustentan. Este contraste entre la fuerza de la estructura y la fragilidad de su soporte invita a reflexionar sobre el proceso creativo, como un espacio en el que se construye y se deconstruye simultáneamente.",https://140d.art/galeria/p/umbral-4,https://cdn.140d.art/art/21bb5e68-7477-4328-aed7-1763995d9774.webp,,in_stock,90.00 EUR,new,Pilar Español,no,500044,Técnica mixta sobre papel,ES:::12.62 EUR
umbral-8,Umbral #8 – Pilar Español · Técnica mixta sobre papel · 8 × 12 cm,"La serie “Umbrales” continúa la exploración llevada a cabo sobre el proceso creativo en la novela híbrida “ El Límite ”. No se trata de una ilustración del libro, sino de otra manifestación de una misma búsqueda. Esta serie de obras explora la idea del puente como metáfora del umbral al instante previo a la creación. Se explora el espacio suspendido entre lo definido y lo intangible, entre lo visible y lo ausente. Cada obra captura la tensión entre la presencia sólida, pesada y estructurada del puente negro y la sutilidad de los finos cables que lo sustentan. Este contraste entre la fuerza de la estructura y la fragilidad de su soporte invita a reflexionar sobre el proceso creativo, como un espacio en el que se construye y se deconstruye simultáneamente.",https://140d.art/galeria/p/umbral-8,https://cdn.140d.art/art/c5825c88-2e17-4abb-89f3-60003c63858a.webp,,in_stock,90.00 EUR,new,Pilar Español,no,500044,Técnica mixta sobre papel,ES:::12.62 EUR
umbral-10,Umbral #10 – Pilar Español · Técnica mixta sobre papel · 8 × 13 cm,"La serie “Umbrales” continúa la exploración llevada a cabo sobre el proceso creativo en la novela híbrida “ El Límite ”. No se trata de una ilustración del libro, sino de otra manifestación de una misma búsqueda. Esta serie de obras explora la idea del puente como metáfora del umbral al instante previo a la creación. Se explora el espacio suspendido entre lo definido y lo intangible, entre lo visible y lo ausente. Cada obra captura la tensión entre la presencia sólida, pesada y estructurada del puente negro y la sutilidad de los finos cables que lo sustentan. Este contraste entre la fuerza de la estructura y la fragilidad de su soporte invita a reflexionar sobre el proceso creativo, como un espacio en el que se construye y se deconstruye simultáneamente.",https://140d.art/galeria/p/umbral-10,https://cdn.140d.art/art/01f3b3f3-f2aa-4c97-9de4-af1239966547.webp,,in_stock,90.00 EUR,new,Pilar Español,no,500044,Técnica mixta sobre papel,ES:::12.62 EUR
umbral-13,Umbral #13 – Pilar Español · Técnica mixta sobre papel · 12 × 12 cm,"La serie “Umbrales” continúa la exploración llevada a cabo sobre el proceso creativo en la novela híbrida “ El Límite ”. No se trata de una ilustración del libro, sino de otra manifestación de una misma búsqueda. Esta serie de obras explora la idea del puente como metáfora del umbral al instante previo a la creación. Se explora el espacio suspendido entre lo definido y lo intangible, entre lo visible y lo ausente. Cada obra captura la tensión entre la presencia sólida, pesada y estructurada del puente negro y la sutilidad de los finos cables que lo sustentan. Este contraste entre la fuerza de la estructura y la fragilidad de su soporte invita a reflexionar sobre el proceso creativo, como un espacio en el que se construye y se deconstruye simultáneamente.",https://140d.art/galeria/p/umbral-13,https://cdn.140d.art/art/9f9e6171-9ec5-490e-bc9a-10cec3a113f3.webp,,in_stock,90.00 EUR,new,Pilar Español,no,500044,Técnica mixta sobre papel,ES:::12.62 EUR
umbral-11,Umbral #11 – Pilar Español · Técnica mixta sobre papel · 8 × 13 cm,"La serie “Umbrales” continúa la exploración llevada a cabo sobre el proceso creativo en la novela híbrida “ El Límite ”. No se trata de una ilustración del libro, sino de otra manifestación de una misma búsqueda. Esta serie de obras explora la idea del puente como metáfora del umbral al instante previo a la creación. Se explora el espacio suspendido entre lo definido y lo intangible, entre lo visible y lo ausente. Cada obra captura la tensión entre la presencia sólida, pesada y estructurada del puente negro y la sutilidad de los finos cables que lo sustentan. Este contraste entre la fuerza de la estructura y la fragilidad de su soporte invita a reflexionar sobre el proceso creativo, como un espacio en el que se construye y se deconstruye simultáneamente.",https://140d.art/galeria/p/umbral-11,https://cdn.140d.art/art/6fab5319-f46d-4fd7-aa5c-cc414191b00e.webp,,in_stock,110.00 EUR,new,Pilar Español,no,500044,Técnica mixta sobre papel,ES:::12.98 EUR
umbral-19,Umbral #19 – Pilar Español · Técnica mixta sobre papel · 13 × 8 cm,"La serie “Umbrales” continúa la exploración llevada a cabo sobre el proceso creativo en la novela híbrida “ El Límite ”. No se trata de una ilustración del libro, sino de otra manifestación de una misma búsqueda. Esta serie de obras explora la idea del puente como metáfora del umbral al instante previo a la creación. Se explora el espacio suspendido entre lo definido y lo intangible, entre lo visible y lo ausente. Cada obra captura la tensión entre la presencia sólida, pesada y estructurada del puente negro y la sutilidad de los finos cables que lo sustentan. Este contraste entre la fuerza de la estructura y la fragilidad de su soporte invita a reflexionar sobre el proceso creativo, como un espacio en el que se construye y se deconstruye simultáneamente.",https://140d.art/galeria/p/umbral-19,https://cdn.140d.art/art/e7e54543-0226-428d-9366-436ef2a63d57.webp,,in_stock,110.00 EUR,new,Pilar Español,no,500044,Técnica mixta sobre papel,ES:::12.98 EUR
umbral-21,Umbral #21 – Pilar Español · Técnica mixta sobre papel · 12 × 12 cm,"La serie “Umbrales” continúa la exploración llevada a cabo sobre el proceso creativo en la novela híbrida “ El Límite ”. No se trata de una ilustración del libro, sino de otra manifestación de una misma búsqueda. Esta serie de obras explora la idea del puente como metáfora del umbral al instante previo a la creación. Se explora el espacio suspendido entre lo definido y lo intangible, entre lo visible y lo ausente. Cada obra captura la tensión entre la presencia sólida, pesada y estructurada del puente negro y la sutilidad de los finos cables que lo sustentan. Este contraste entre la fuerza de la estructura y la fragilidad de su soporte invita a reflexionar sobre el proceso creativo, como un espacio en el que se construye y se deconstruye simultáneamente.",https://140d.art/galeria/p/umbral-21,https://cdn.140d.art/art/f11b3b71-018b-471c-b280-94e3f722450d.webp,,in_stock,110.00 EUR,new,Pilar Español,no,500044,Técnica mixta sobre papel,ES:::12.98 EUR
umbral-28,Umbral #28 – Pilar Español · Técnica mixta sobre papel · 16 × 16 cm,"La serie “Umbrales” continúa la exploración llevada a cabo sobre el proceso creativo en la novela híbrida “ El Límite ”. No se trata de una ilustración del libro, sino de otra manifestación de una misma búsqueda. Esta serie de obras explora la idea del puente como metáfora del umbral al instante previo a la creación. Se explora el espacio suspendido entre lo definido y lo intangible, entre lo visible y lo ausente. Cada obra captura la tensión entre la presencia sólida, pesada y estructurada del puente negro y la sutilidad de los finos cables que lo sustentan. Este contraste entre la fuerza de la estructura y la fragilidad de su soporte invita a reflexionar sobre el proceso creativo, como un espacio en el que se construye y se deconstruye simultáneamente.",https://140d.art/galeria/p/umbral-28,https://cdn.140d.art/art/75a5d3fc-f507-4414-8d50-871827aeb044.webp,,in_stock,120.00 EUR,new,Pilar Español,no,500044,Técnica mixta sobre papel,ES:::13.16 EUR
umbral-31,Umbral #31 – Pilar Español · Técnica mixta sobre papel · 15 × 15 cm,"La serie “Umbrales” continúa la exploración llevada a cabo sobre el proceso creativo en la novela híbrida “ El Límite ”. No se trata de una ilustración del libro, sino de otra manifestación de una misma búsqueda. Esta serie de obras explora la idea del puente como metáfora del umbral al instante previo a la creación. Se explora el espacio suspendido entre lo definido y lo intangible, entre lo visible y lo ausente. Cada obra captura la tensión entre la presencia sólida, pesada y estructurada del puente negro y la sutilidad de los finos cables que lo sustentan. Este contraste entre la fuerza de la estructura y la fragilidad de su soporte invita a reflexionar sobre el proceso creativo, como un espacio en el que se construye y se deconstruye simultáneamente.",https://140d.art/galeria/p/umbral-31,https://cdn.140d.art/art/8c20bc96-65e6-4d50-9908-0c9245a24ccb.webp,,in_stock,120.00 EUR,new,Pilar Español,no,500044,Técnica mixta sobre papel,ES:::13.16 EUR
umbral-32,Umbral #32 – Pilar Español · Técnica mixta sobre papel · 15 × 15 cm,"La serie “Umbrales” continúa la exploración llevada a cabo sobre el proceso creativo en la novela híbrida “ El Límite ”. No se trata de una ilustración del libro, sino de otra manifestación de una misma búsqueda. Esta serie de obras explora la idea del puente como metáfora del umbral al instante previo a la creación. Se explora el espacio suspendido entre lo definido y lo intangible, entre lo visible y lo ausente. Cada obra captura la tensión entre la presencia sólida, pesada y estructurada del puente negro y la sutilidad de los finos cables que lo sustentan. Este contraste entre la fuerza de la estructura y la fragilidad de su soporte invita a reflexionar sobre el proceso creativo, como un espacio en el que se construye y se deconstruye simultáneamente.",https://140d.art/galeria/p/umbral-32,https://cdn.140d.art/art/20ecad34-0d40-4abc-a9cd-b3f469f27663.webp,,in_stock,120.00 EUR,new,Pilar Español,no,500044,Técnica mixta sobre papel,ES:::13.16 EUR
umbral-36,Umbral #36 – Pilar Español · Técnica mixta sobre papel · 15 × 15 cm,"La serie “Umbrales” continúa la exploración llevada a cabo sobre el proceso creativo en la novela híbrida “ El Límite ”. No se trata de una ilustración del libro, sino de otra manifestación de una misma búsqueda. Esta serie de obras explora la idea del puente como metáfora del umbral al instante previo a la creación. Se explora el espacio suspendido entre lo definido y lo intangible, entre lo visible y lo ausente. Cada obra captura la tensión entre la presencia sólida, pesada y estructurada del puente negro y la sutilidad de los finos cables que lo sustentan. Este contraste entre la fuerza de la estructura y la fragilidad de su soporte invita a reflexionar sobre el proceso creativo, como un espacio en el que se construye y se deconstruye simultáneamente.",https://140d.art/galeria/p/umbral-36,https://cdn.140d.art/art/22fcd2e4-13a3-4bb0-96aa-000d47a78ffe.webp,,in_stock,120.00 EUR,new,Pilar Español,no,500044,Técnica mixta sobre papel,ES:::13.16 EUR
el-limite,"El Límite – Pilar Español · Libro, tapa blanda","Yo nunca decidí escribir una novela híbrida. Durante años la pintura ha sido mi forma de acercarme a una pregunta: El lugar donde las cosas comienzan a existir. El momento previo a la creación. Y en esa búsqueda encontré la escritura y así nació este libro, no como un proyecto independiente sino como otra forma de recorrer el mismo territorio.",https://140d.art/tienda/p/el-limite,https://cdn.140d.art/others/7a4cd34d-8cb5-4277-8d67-be7020c0f1fa.webp,"https://cdn.140d.art/others/0af3d52c-03b9-4e2a-ac14-5d6167500ce7.webp,https://cdn.140d.art/others/74dab182-6fc3-4ea8-8bdf-f3f5f461f77c.webp",in_stock,20.00 EUR,new,Pilar Español,no,784,,ES:::9.58 EUR
fragil-1,Frágil #1 – BAZKEZ · Acrílico sobre madera · 30 × 30 cm,"FRÁGIL #1 explora estructura y deterioro. La abstracción geométrica convive con erosión, accidentes y materia expuesta en una ilusión material que confunde lo construido con lo erosionado y hace visible aquello que creemos oculto bajo la superficie. La serie está realizada sobre madera mediante un proceso de construcción, intervención con acrílico y desgaste de la superficie.",https://140d.art/galeria/p/fragil-1,https://cdn.140d.art/art/d37b33b7-9b48-41e8-80b8-62f389dbec9a.webp,"https://cdn.140d.art/art/c2b908e8-fc50-4940-ba53-d0c350a4cf2d.webp,https://cdn.140d.art/art/f0f6a9ff-fc56-45d2-9a07-6ca61a918c29.webp",in_stock,590.00 EUR,new,BAZKEZ,no,500044,Acrílico sobre madera,ES:::24.85 EUR
fragil-2,Frágil #2 – BAZKEZ · Acrílico sobre madera · 30 × 30 cm,"FRÁGIL #2 explora estructura y deterioro. La abstracción geométrica convive con erosión, accidentes y materia expuesta en una ilusión material que confunde lo construido con lo erosionado y hace visible aquello que creemos oculto bajo la superficie. La serie está realizada sobre madera mediante un proceso de construcción, intervención con acrílico y desgaste de la superficie.",https://140d.art/galeria/p/fragil-2,https://cdn.140d.art/art/98360ed0-7160-4a86-b78c-263a8c8a5492.webp,"https://cdn.140d.art/art/97bcd863-b3db-4ade-9775-432d1a9dac95.webp,https://cdn.140d.art/art/55482f60-4818-4061-a21a-215094a4d3ec.webp",in_stock,590.00 EUR,new,BAZKEZ,no,500044,Acrílico sobre madera,ES:::24.85 EUR
fragil-3,Frágil #3 – BAZKEZ · Acrílico sobre madera · 30 × 30 cm,"FRÁGIL #3 explora estructura y deterioro. La abstracción geométrica convive con erosión, accidentes y materia expuesta en una ilusión material que confunde lo construido con lo erosionado y hace visible aquello que creemos oculto bajo la superficie. La serie está realizada sobre madera mediante un proceso de construcción, intervención con acrílico y desgaste de la superficie.",https://140d.art/galeria/p/fragil-3,https://cdn.140d.art/art/8ab02b8c-aed6-4a19-89d6-e9cafdd3bf6e.webp,"https://cdn.140d.art/art/be148c11-89ab-44e6-b05e-86f0dcfdc65a.webp,https://cdn.140d.art/art/456eb955-59ea-4bf9-8d1d-c00f78c6fec7.webp",in_stock,590.00 EUR,new,BAZKEZ,no,500044,Acrílico sobre madera,ES:::24.85 EUR
fragil-4,Frágil #4 – BAZKEZ · Acrílico sobre madera · 30 × 30 cm,"FRÁGIL #4 explora estructura y deterioro. La abstracción geométrica convive con erosión, accidentes y materia expuesta en una ilusión material que confunde lo construido con lo erosionado y hace visible aquello que creemos oculto bajo la superficie. La serie está realizada sobre madera mediante un proceso de construcción, intervención con acrílico y desgaste de la superficie.",https://140d.art/galeria/p/fragil-4,https://cdn.140d.art/art/6f8549cd-95fc-4483-8096-946f3fd369c7.webp,"https://cdn.140d.art/art/f8286725-d7b9-470f-9ed3-0e549c1fc967.webp,https://cdn.140d.art/art/46939cf9-3ade-47e9-90f3-dbb4f4ad4854.webp",in_stock,590.00 EUR,new,BAZKEZ,no,500044,Acrílico sobre madera,ES:::24.85 EUR
