id,title,description,availability,availability_date,expiration_date,link,mobile_link,image_link,price,sale_price,sale_price_effective_date,identifier_exists,gtin,mpn,brand,product_highlight,product_detail,additional_image_link,condition,adult,color,size,size_type,size_system,gender,material,pattern,age_group,multipack,is bundle,unit_pricing_measure,shipping_weight,unit_pricing_base_measure,energy_efficiency_class,min_energy_efficiency_class,max_energy_efficiency,item_group_id,video_link,virtual_model_link,cost_of_goods_sold
ventanas-y-horizontes-ii,Ventanas y horizontes II,"A través de la luz, el espacio y el vacío, mi trabajo busca invitar al espectador a reflexionar sobre su propia percepción, sobre las realidades que construye y sobre aquellas otras construidas por aquellas personas con las que interactúan.",in_stock,,,https://140d.art/galeria/p/ventanas-y-horizontes-ii,,https://140d.art/_next/image?url=https%3A%2F%2Fcdn.140d.art%2Fart%2F7182a6f8-c224-44be-a6c2-6619b1e8da85.webp&w=1080&q=75,253 EUR,,,no,,,Alicia Nieto Velázquez,"""Obra de arte"", ""Collage digital impreso en papel verjurado""",,,new,no,,,,,unisex,Collage digital impreso en papel verjurado,,adult,,,50 g,50 g,,,,,,,,
ventanas-y-horizontes,Ventanas y horizontes,"A través de la luz, el espacio y el vacío, mi trabajo busca invitar al espectador a reflexionar sobre su propia percepción, sobre las realidades que construye y sobre aquellas otras construidas por aquellas personas con las que interactúan.",in_stock,,,https://140d.art/galeria/p/ventanas-y-horizontes,,https://140d.art/_next/image?url=https%3A%2F%2Fcdn.140d.art%2Fart%2F65c753f4-fd74-49ea-b7e0-3324858b93f7.webp&w=1920&q=75,253 EUR,,,no,,,Alicia Nieto Velázquez,"""Obra de arte"", ""Collage digital impreso en papel verjurado""",,,new,no,,,,,unisex,Collage digital impreso en papel verjurado,,adult,,,50 g,50 g,,,,,,,,
el-mapa-que-habito-ii,El mapa que habito II,"A través de la luz, el espacio y el vacío, mi trabajo busca invitar al espectador a reflexionar sobre su propia percepción, sobre las realidades que construye y sobre aquellas otras construidas por aquellas personas con las que interactúan.",in_stock,,,https://140d.art/galeria/p/el-mapa-que-habito-ii,,https://140d.art/_next/image?url=https%3A%2F%2Fcdn.140d.art%2Fart%2F95589cc3-99aa-4203-99f3-146072a33a81.webp&w=1920&q=75,337 EUR,,,no,,,Alicia Nieto Velázquez,"""Obra de arte"", ""Collage digital impreso en papel verjurado""",,,new,no,,,,,unisex,Collage digital impreso en papel verjurado,,adult,,,50 g,50 g,,,,,,,,
el-mapa-que-habito,El mapa que habito,"A través de la luz, el espacio y el vacío, mi trabajo busca invitar al espectador a reflexionar sobre su propia percepción, sobre las realidades que construye y sobre aquellas otras construidas por aquellas personas con las que interactúan.",in_stock,,,https://140d.art/galeria/p/el-mapa-que-habito,,https://140d.art/_next/image?url=https%3A%2F%2Fcdn.140d.art%2Fart%2F4f77a8c8-b6a2-49fc-9969-dfa2dcd86c60.webp&w=1920&q=75,337 EUR,,,no,,,Alicia Nieto Velázquez,"""Obra de arte"", ""Collage digital impreso en papel verjurado""",,,new,no,,,,,unisex,Collage digital impreso en papel verjurado,,adult,,,50 g,50 g,,,,,,,,
espacios-vacios,Espacios vacíos,"A través de la luz, el espacio y el vacío, mi trabajo busca invitar al espectador a reflexionar sobre su propia percepción, sobre las realidades que construye y sobre aquellas otras construidas por aquellas personas con las que interactúan.",in_stock,,,https://140d.art/galeria/p/espacios-vacios,,https://140d.art/_next/image?url=https%3A%2F%2Fcdn.140d.art%2Fart%2F311ccd56-7591-4559-9967-393a0e815d68.webp&w=1920&q=75,337 EUR,,,no,,,Alicia Nieto Velázquez,"""Obra de arte"", ""Collage digital impreso en papel verjurado""",,,new,no,,,,,unisex,Collage digital impreso en papel verjurado,,adult,,,50 g,50 g,,,,,,,,
iluminados-por-la-misma-luz,Iluminados por la misma luz,"A través de la luz, el espacio y el vacío, mi trabajo busca invitar al espectador a reflexionar sobre su propia percepción, sobre las realidades que construye y sobre aquellas otras construidas por aquellas personas con las que interactúan.",in_stock,,,https://140d.art/galeria/p/iluminados-por-la-misma-luz,,https://140d.art/_next/image?url=https%3A%2F%2Fcdn.140d.art%2Fart%2F3a5333e4-d85c-4ee9-b965-490c14606abb.webp&w=1920&q=75,337 EUR,,,no,,,Alicia Nieto Velázquez,"""Obra de arte"", ""Collage digital impreso en papel verjurado""",,,new,no,,,,,unisex,Collage digital impreso en papel verjurado,,adult,,,50 g,50 g,,,,,,,,
flortransparent,flortransparent,"Una faceta marcada por el minimalismo. En estas obras, el artista utiliza elementos arquitectónicos sintéticos como arcos y escaleras, integrándolos con vegetación estilizada —palmeras y cactus— para crear estructuras visuales equilibradas. Obra en Maderas recicladas y restauradas. Para asegurar la conservación de las piezas frente al paso del tiempo, el artista aplica una capa de barniz satinado al agua y las monta sobre una sólida estructura de madera de pino.",in_stock,,,https://140d.art/galeria/p/flortransparent,,https://140d.art/_next/image?url=https%3A%2F%2Fcdn.140d.art%2Fart%2F9099e54b-c749-4dfd-88af-74b6be5112fc.webp&w=1920&q=75,600 EUR,,,no,,,Chema B,"""Obra de arte"", ""Acrílico sobre tablero de madera reciclado y restaurado""",,,new,no,,,,,unisex,Acrílico sobre tablero de madera reciclado y restaurado,,adult,,,8 kg,8 kg,,,,,,,,
retrogeometría 26,retrogeometria-26,"Una faceta marcada por el minimalismo. En estas obras, el artista utiliza elementos arquitectónicos sintéticos como arcos y escaleras, integrándolos con vegetación estilizada —palmeras y cactus— para crear estructuras visuales equilibradas. Obra en Maderas recicladas y restauradas. Para asegurar la conservación de las piezas frente al paso del tiempo, el artista aplica una capa de barniz satinado al agua y las monta sobre una sólida estructura de madera de pino.",in_stock,,,https://140d.art/galeria/p/retrogeometria-26,,https://140d.art/_next/image?url=https%3A%2F%2Fcdn.140d.art%2Fart%2Ff77a8a66-ea84-47d8-8358-3c978eca829d.webp&w=1920&q=75,400 EUR,,,no,,,Chema B,"""Obra de arte"", ""Acrílico sobre tablero de madera reciclado y restaurado""",,,new,no,,,,,unisex,Acrílico sobre tablero de madera reciclado y restaurado,,adult,,,8 kg,8 kg,,,,,,,,
1 palmera 3 plantas,1-palmera-3-plantas,"Una faceta marcada por el minimalismo. En estas obras, el artista utiliza elementos arquitectónicos sintéticos como arcos y escaleras, integrándolos con vegetación estilizada —palmeras y cactus— para crear estructuras visuales equilibradas. Obra en Maderas recicladas y restauradas. Para asegurar la conservación de las piezas frente al paso del tiempo, el artista aplica una capa de barniz satinado al agua y las monta sobre una sólida estructura de madera de pino.",in_stock,,,https://140d.art/galeria/p/1-palmera-3-plantas,,https://140d.art/_next/image?url=https%3A%2F%2Fcdn.140d.art%2Fart%2Fef0356d6-c961-46ef-aef0-6231a25d2e20.webp&w=1920&q=75,250 EUR,,,no,,,Chema B,"""Obra de arte"", ""Acrílico sobre tablero de madera reciclado y restaurado""",,,new,no,,,,,unisex,Acrílico sobre tablero de madera reciclado y restaurado,,adult,,,5 kg,5 kg,,,,,,,,
oasis,oasis,"Una faceta marcada por el minimalismo. En estas obras, el artista utiliza elementos arquitectónicos sintéticos como arcos y escaleras, integrándolos con vegetación estilizada —palmeras y cactus— para crear estructuras visuales equilibradas. Obra en Maderas recicladas y restauradas. Para asegurar la conservación de las piezas frente al paso del tiempo, el artista aplica una capa de barniz satinado al agua y las monta sobre una sólida estructura de madera de pino.",in_stock,,,https://140d.art/galeria/p/oasis,,https://140d.art/_next/image?url=https%3A%2F%2Fcdn.140d.art%2Fart%2F807c6ce1-235f-444d-a4a9-90cbca28beb7.webp&w=1920&q=75,600 EUR,,,no,,,Chema B,"""Obra de arte"", ""Acrílico sobre tablero de madera reciclado y restaurado""",,,new,no,,,,,unisex,Acrílico sobre tablero de madera reciclado y restaurado,,adult,,,8 kg,8 kg,,,,,,,,
bassa rodona,bassa-rodona,"Una faceta marcada por el minimalismo. En estas obras, el artista utiliza elementos arquitectónicos sintéticos como arcos y escaleras, integrándolos con vegetación estilizada —palmeras y cactus— para crear estructuras visuales equilibradas. Obra en Maderas recicladas y restauradas. Para asegurar la conservación de las piezas frente al paso del tiempo, el artista aplica una capa de barniz satinado al agua y las monta sobre una sólida estructura de madera de pino.",in_stock,,,https://140d.art/galeria/p/bassa-rodona,,https://140d.art/_next/image?url=https%3A%2F%2Fcdn.140d.art%2Fart%2F89e76a54-8229-4614-aa81-59e12da86da4.webp&w=1920&q=75,350 EUR,,,no,,,Chema B,"""Obra de arte"", ""Acrílico sobre tablero de madera reciclado y restaurado""",,,new,no,,,,,unisex,Acrílico sobre tablero de madera reciclado y restaurado,,adult,,,5 kg,5 kg,,,,,,,,
?,question,"Una faceta marcada por el minimalismo. En estas obras, el artista utiliza elementos arquitectónicos sintéticos como arcos y escaleras, integrándolos con vegetación estilizada —palmeras y cactus— para crear estructuras visuales equilibradas. Obra en Maderas recicladas y restauradas. Para asegurar la conservación de las piezas frente al paso del tiempo, el artista aplica una capa de barniz satinado al agua y las monta sobre una sólida estructura de madera de pino.",in_stock,,,https://140d.art/galeria/p/question,,https://140d.art/_next/image?url=https%3A%2F%2Fcdn.140d.art%2Fart%2F8be0d9a0-8056-46a9-b27d-9708204281bc.webp&w=1920&q=75,600 EUR,,,no,,,Chema B,"""Obra de arte"", ""Acrílico sobre tablero de madera reciclado y restaurado""",,,new,no,,,,,unisex,Acrílico sobre tablero de madera reciclado y restaurado,,adult,,,5 kg,5 kg,,,,,,,,
es tardor,es-tardor,"Una faceta marcada por el minimalismo. En estas obras, el artista utiliza elementos arquitectónicos sintéticos como arcos y escaleras, integrándolos con vegetación estilizada —palmeras y cactus— para crear estructuras visuales equilibradas. Obra en Maderas recicladas y restauradas. Para asegurar la conservación de las piezas frente al paso del tiempo, el artista aplica una capa de barniz satinado al agua y las monta sobre una sólida estructura de madera de pino.",in_stock,,,https://140d.art/galeria/p/es-tardor,,https://140d.art/_next/image?url=https%3A%2F%2Fcdn.140d.art%2Fart%2F75775b42-b0a7-480f-9ae9-624ad068cac7.webp&w=1920&q=75,350 EUR,,,no,,,Chema B,"""Obra de arte"", ""Acrílico sobre tablero de madera reciclado y restaurado""",,,new,no,,,,,unisex,Acrílico sobre tablero de madera reciclado y restaurado,,adult,,,5 kg,5 kg,,,,,,,,
3 casas i una paret,3-casas-i-una-paret,"Una faceta marcada por el minimalismo. En estas obras, el artista utiliza elementos arquitectónicos sintéticos como arcos y escaleras, integrándolos con vegetación estilizada —palmeras y cactus— para crear estructuras visuales equilibradas. Obra en Maderas recicladas y restauradas. Para asegurar la conservación de las piezas frente al paso del tiempo, el artista aplica una capa de barniz satinado al agua y las monta sobre una sólida estructura de madera de pino.",in_stock,,,https://140d.art/galeria/p/3-casas-i-una-paret,,https://140d.art/_next/image?url=https%3A%2F%2Fcdn.140d.art%2Fart%2Fa82e05a1-80a6-41a1-ba6d-e0d3db5e5a51.webp&w=1920&q=75,250 EUR,,,no,,,Chema B,"""Obra de arte"", ""Acrílico sobre tablero de madera reciclado y restaurado""",,,new,no,,,,,unisex,Acrílico sobre tablero de madera reciclado y restaurado,,adult,,,4 kg,4 kg,,,,,,,,
mercado-de-mumbai-india,"Mercado de Mumbai, India",Perteneciente a la colección Asia,in_stock,,,https://140d.art/galeria/p/mercado-de-mumbai-india,,https://140d.art/_next/image?url=https%3A%2F%2Fcdn.140d.art%2Fart%2F4b959420-cf91-4e14-b1f6-c9982d2e3fef.webp&w=1920&q=75,425 EUR,,,no,,,Daniel Córdoba García,"""Obra de arte"", ""Óleo sobre lienzo""",,,new,no,,,,,unisex,Óleo sobre lienzo,,adult,,,500 g,500 g,,,,,,,,
naxos-grecia,"Naxos, Grecia",Perteneciente a la colección Europe,in_stock,,,https://140d.art/galeria/p/naxos-grecia,,https://140d.art/_next/image?url=https%3A%2F%2Fcdn.140d.art%2Fart%2F71f4503c-b1ed-43e0-bf03-fddb488fc01d.webp&w=1920&q=75,340 EUR,,,no,,,Daniel Córdoba García,"""Obra de arte"", ""Óleo sobre lienzo""",,,new,no,,,,,unisex,Óleo sobre lienzo,,adult,,,500 g,500 g,,,,,,,,
banos-de-la-encina-espana,"Baños de la Encina, España",Perteneciente a la colección Europe,in_stock,,,https://140d.art/galeria/p/banos-de-la-encina-espana,,https://140d.art/_next/image?url=https%3A%2F%2Fcdn.140d.art%2Fart%2Fa8190585-9869-4e0d-af3a-023aef3218c8.webp&w=1920&q=75,370 EUR,,,no,,,Daniel Córdoba García,"""Obra de arte"", ""Óleo sobre lienzo""",,,new,no,,,,,unisex,Óleo sobre lienzo,,adult,,,500 g,500 g,,,,,,,,
jabalcuz-jaen,"Jabalcuz, Jaén",Perteneciente a la colección Europe,in_stock,,,https://140d.art/galeria/p/jabalcuz-jaen,,https://140d.art/_next/image?url=https%3A%2F%2Fcdn.140d.art%2Fart%2Fb48fb8ab-b711-4d1d-a511-105190b04611.webp&w=1920&q=75,340 EUR,,,no,,,Daniel Córdoba García,"""Obra de arte"", ""Óleo sobre lienzo""",,,new,no,,,,,unisex,Óleo sobre lienzo,,adult,,,500 g,500 g,,,,,,,,
venezia-iv,Venezia IV,Perteneciente a la colección Europe,in_stock,,,https://140d.art/galeria/p/venezia-iv,,https://140d.art/_next/image?url=https%3A%2F%2Fcdn.140d.art%2Fart%2F55c5c468-d52b-4055-af5d-78d3b677ab0a.webp&w=1920&q=75,245 EUR,,,no,,,Daniel Córdoba García,"""Obra de arte"", ""Óleo sobre lienzo""",,,new,no,,,,,unisex,Óleo sobre lienzo,,adult,,,500 g,500 g,,,,,,,,
tiber-roma,"Tíber, Roma",Perteneciente a la colección Europe,in_stock,,,https://140d.art/galeria/p/tiber-roma,,https://140d.art/_next/image?url=https%3A%2F%2Fcdn.140d.art%2Fart%2F4f6c4c2e-a9bf-4b16-a16b-ce2a634b87e0.webp&w=1920&q=75,227 EUR,,,no,,,Daniel Córdoba García,"""Obra de arte"", ""Óleo sobre lienzo""",,,new,no,,,,,unisex,Óleo sobre lienzo,,adult,,,500 g,500 g,,,,,,,,
cor,Cor,"La propuesta cruza la estética pop con la mística clásica, reinterpretando la devoción desde la cultura urbana. La pieza cambia lo figuratívo por un corazón anatómico en blanco y negro sobre un fondo carmesí visceral con texturas de collage. Una llama corona el diseño mientras trazos negros radiales simulan un pulso vibrante, conectando con fuerza la vulnerabilidad y la inmensa resistencia materna en el mundo moderno.",in_stock,,,https://140d.art/galeria/p/cor,,https://140d.art/_next/image?url=https%3A%2F%2Fcdn.140d.art%2Fart%2F810ff7cf-70f3-49a9-85db-7d461d883ce5.webp&w=1920&q=75,484 EUR,,,no,,,Lluc Millán,"""Obra de arte"", ""Acrílico y collage sobre lienzo""",,,new,no,,,,,unisex,Acrílico y collage sobre lienzo,,adult,,,1 kg,1 kg,,,,,,,,
madonna-dello,Madonna dell'O,"El street art y la mística clásica se fusionan aquí para bajar la iconografía sacra directamente a la calle. Esta representación de la Madonna dell'O embarazada captura el inicio de la maternidad, reflejando puro amor, sueños y esperanza sobre un fondo verde duro y desgastado. Los trazos irregulares y bordes duros de estarcido callejero envuelven la silueta, convirtiéndola en un poderoso icono de vida en el mundo moderno.",in_stock,,,https://140d.art/galeria/p/madonna-dello,,https://140d.art/_next/image?url=https%3A%2F%2Fcdn.140d.art%2Fart%2F10bb801d-0991-4083-9d62-a7916068c8bf.webp&w=1920&q=75,660 EUR,,,no,,,Lluc Millán,"""Obra de arte"", ""Acrílico y collage sobre lienzo""",,,new,no,,,,,unisex,Acrílico y collage sobre lienzo,,adult,,,1 kg,1 kg,,,,,,,,
mater,Mater,"Esta pieza conecta la emotividad del arte clásico con el lenguaje directo y gráfico del arte callejero. La obra destaca el abrazo materno usando azul cian sobre un fondo rosa texturizado. Sus gruesos trazos negros definen formas esenciales e universales, mientras marcas abstractas a los lados enmarcan el tierno momento, aislando este íntimo refugio en medio del ruido y caos del mundo moderno.",in_stock,,,https://140d.art/galeria/p/mater,,https://140d.art/_next/image?url=https%3A%2F%2Fcdn.140d.art%2Fart%2F11ef4b01-86c2-46d0-ab80-5a1c0de6d0b5.webp&w=1920&q=75,600 EUR,,,no,,,Lluc Millán,"""Obra de arte"", ""Acrílico y collage sobre lienzo""",,,new,no,,,,,unisex,Acrílico y collage sobre lienzo,,adult,,,1 kg,1 kg,,,,,,,,
la-corona,La Corona,"Esta obra fusiona el barroco y el arte urbano, transformando un ícono sagrado en símbolo callejero. La obra traslada el amarillo de la corona al fondo con trazos tipo grafiti y marcas de desgaste, dejando la pieza en un color rosa inesperado. Con líneas negras como halo, este vibrante estudio conecta la fuerza materna con la realidad moderna.",in_stock,,,https://140d.art/galeria/p/la-corona,,https://140d.art/_next/image?url=https%3A%2F%2Fcdn.140d.art%2Fart%2Ffa68b67f-8070-4acd-b397-d6e6195c10f1.webp&w=1920&q=75,484 EUR,,,no,,,Lluc Millán,"""Obra de arte"", ""Acrílico y collage sobre lienzo""",,,new,no,,,,,unisex,Acrílico y collage sobre lienzo,,adult,,,1 kg,1 kg,,,,,,,,
la-pieta,La Pietà,"Una pieza central de la serie. El street art y la herencia barroca se encuentran aquí, vistiendo de grafíti la iconografía sagrada. La pieza cambia la paleta sombría tradicional por vibrantes turquesas y naranjas sobre La Virgen de la Piedad. Su corona de estrellas aporta un sentido cósmico, mientras el estilo linóleo y trazos de caligrafía abstracta rodean la escena, convirtiendo la tragedia divina en una escena cruda de puro agotamiento y cuidado humano.",in_stock,,,https://140d.art/galeria/p/la-pieta,,https://140d.art/_next/image?url=https%3A%2F%2Fcdn.140d.art%2Fart%2Fe2e692b5-f8e6-4e98-9766-6adb4bb4185f.webp&w=1920&q=75,1000 EUR,,,no,,,Lluc Millán,"""Obra de arte"", ""Acrílico y collage sobre lienzo""",,,new,no,,,,,unisex,Acrílico y collage sobre lienzo,,adult,,,1 kg,1 kg,,,,,,,,
umbral-1,Umbral #1,"La serie “Umbrales” continúa la exploración llevada a cabo sobre el proceso creativo en la novela híbrida “El Límite”. No se trata de una ilustración del libro, sino de otra manifestación de una misma búsqueda.
Esta serie de obras explora la idea del puente como metáfora del umbral al instante previo a la creación. Se explora el espacio suspendido entre lo definido y lo intangible, entre lo visible y lo ausente. Cada obra captura la tensión entre la presencia sólida, pesada y estructurada del puente negro y la sutilidad de los finos cables que lo sustentan. Este contraste entre la fuerza de la estructura y la fragilidad de su soporte invita a reflexionar sobre el proceso creativo, como un espacio en el que se construye y se deconstruye simultáneamente.",in_stock,,,https://140d.art/galeria/p/umbral-1,,https://140d.art/_next/image?url=https%3A%2F%2Fcdn.140d.art%2Fart%2F7ea48b7e-a4fa-45a7-8976-cfe5b1b99d02.webp&w=1920&q=75,90 EUR,,,no,,,Pilar Español,"""Obra de arte"", ""Técnica mixta sobre papel""",,,new,no,,,,,unisex,Técnica mixta sobre papel,,adult,,,100 g,100 g,,,,,,,,
umbral-4,Umbral #4,"La serie “Umbrales” continúa la exploración llevada a cabo sobre el proceso creativo en la novela híbrida “El Límite”. No se trata de una ilustración del libro, sino de otra manifestación de una misma búsqueda.
Esta serie de obras explora la idea del puente como metáfora del umbral al instante previo a la creación. Se explora el espacio suspendido entre lo definido y lo intangible, entre lo visible y lo ausente. Cada obra captura la tensión entre la presencia sólida, pesada y estructurada del puente negro y la sutilidad de los finos cables que lo sustentan. Este contraste entre la fuerza de la estructura y la fragilidad de su soporte invita a reflexionar sobre el proceso creativo, como un espacio en el que se construye y se deconstruye simultáneamente.",in_stock,,,https://140d.art/galeria/p/umbral-4,,https://140d.art/_next/image?url=https%3A%2F%2Fcdn.140d.art%2Fart%2F21bb5e68-7477-4328-aed7-1763995d9774.webp&w=1920&q=75,90 EUR,,,no,,,Pilar Español,"""Obra de arte"", ""Técnica mixta sobre papel""",,,new,no,,,,,unisex,Técnica mixta sobre papel,,adult,,,100 g,100 g,,,,,,,,
umbral-8,Umbral #8,"La serie “Umbrales” continúa la exploración llevada a cabo sobre el proceso creativo en la novela híbrida “El Límite”. No se trata de una ilustración del libro, sino de otra manifestación de una misma búsqueda.
Esta serie de obras explora la idea del puente como metáfora del umbral al instante previo a la creación. Se explora el espacio suspendido entre lo definido y lo intangible, entre lo visible y lo ausente. Cada obra captura la tensión entre la presencia sólida, pesada y estructurada del puente negro y la sutilidad de los finos cables que lo sustentan. Este contraste entre la fuerza de la estructura y la fragilidad de su soporte invita a reflexionar sobre el proceso creativo, como un espacio en el que se construye y se deconstruye simultáneamente.",in_stock,,,https://140d.art/galeria/p/umbral-8,,https://140d.art/_next/image?url=https%3A%2F%2Fcdn.140d.art%2Fart%2Fc5825c88-2e17-4abb-89f3-60003c63858a.webp&w=1920&q=75,90 EUR,,,no,,,Pilar Español,"""Obra de arte"", ""Técnica mixta sobre papel""",,,new,no,,,,,unisex,Técnica mixta sobre papel,,adult,,,100 g,100 g,,,,,,,,
umbral-10,Umbral #10,"La serie “Umbrales” continúa la exploración llevada a cabo sobre el proceso creativo en la novela híbrida “El Límite”. No se trata de una ilustración del libro, sino de otra manifestación de una misma búsqueda.
Esta serie de obras explora la idea del puente como metáfora del umbral al instante previo a la creación. Se explora el espacio suspendido entre lo definido y lo intangible, entre lo visible y lo ausente. Cada obra captura la tensión entre la presencia sólida, pesada y estructurada del puente negro y la sutilidad de los finos cables que lo sustentan. Este contraste entre la fuerza de la estructura y la fragilidad de su soporte invita a reflexionar sobre el proceso creativo, como un espacio en el que se construye y se deconstruye simultáneamente.",in_stock,,,https://140d.art/galeria/p/umbral-10,,https://140d.art/_next/image?url=https%3A%2F%2Fcdn.140d.art%2Fart%2F01f3b3f3-f2aa-4c97-9de4-af1239966547.webp&w=1920&q=75,90 EUR,,,no,,,Pilar Español,"""Obra de arte"", ""Técnica mixta sobre papel""",,,new,no,,,,,unisex,Técnica mixta sobre papel,,adult,,,100 g,100 g,,,,,,,,
umbral-13,Umbral #13,"La serie “Umbrales” continúa la exploración llevada a cabo sobre el proceso creativo en la novela híbrida “El Límite”. No se trata de una ilustración del libro, sino de otra manifestación de una misma búsqueda.
Esta serie de obras explora la idea del puente como metáfora del umbral al instante previo a la creación. Se explora el espacio suspendido entre lo definido y lo intangible, entre lo visible y lo ausente. Cada obra captura la tensión entre la presencia sólida, pesada y estructurada del puente negro y la sutilidad de los finos cables que lo sustentan. Este contraste entre la fuerza de la estructura y la fragilidad de su soporte invita a reflexionar sobre el proceso creativo, como un espacio en el que se construye y se deconstruye simultáneamente.",in_stock,,,https://140d.art/galeria/p/umbral-13,,https://140d.art/_next/image?url=https%3A%2F%2Fcdn.140d.art%2Fart%2F9f9e6171-9ec5-490e-bc9a-10cec3a113f3.webp&w=1920&q=75,90 EUR,,,no,,,Pilar Español,"""Obra de arte"", ""Técnica mixta sobre papel""",,,new,no,,,,,unisex,Técnica mixta sobre papel,,adult,,,100 g,100 g,,,,,,,,
umbral-11,Umbral #11,"La serie “Umbrales” continúa la exploración llevada a cabo sobre el proceso creativo en la novela híbrida “El Límite”. No se trata de una ilustración del libro, sino de otra manifestación de una misma búsqueda.
Esta serie de obras explora la idea del puente como metáfora del umbral al instante previo a la creación. Se explora el espacio suspendido entre lo definido y lo intangible, entre lo visible y lo ausente. Cada obra captura la tensión entre la presencia sólida, pesada y estructurada del puente negro y la sutilidad de los finos cables que lo sustentan. Este contraste entre la fuerza de la estructura y la fragilidad de su soporte invita a reflexionar sobre el proceso creativo, como un espacio en el que se construye y se deconstruye simultáneamente.",in_stock,,,https://140d.art/galeria/p/umbral-11,,https://140d.art/_next/image?url=https%3A%2F%2Fcdn.140d.art%2Fart%2F6fab5319-f46d-4fd7-aa5c-cc414191b00e.webp&w=1920&q=75,110 EUR,,,no,,,Pilar Español,"""Obra de arte"", ""Técnica mixta sobre papel""",,,new,no,,,,,unisex,Técnica mixta sobre papel,,adult,,,100 g,100 g,,,,,,,,
umbral-19,Umbral #19,"La serie “Umbrales” continúa la exploración llevada a cabo sobre el proceso creativo en la novela híbrida “El Límite”. No se trata de una ilustración del libro, sino de otra manifestación de una misma búsqueda.
Esta serie de obras explora la idea del puente como metáfora del umbral al instante previo a la creación. Se explora el espacio suspendido entre lo definido y lo intangible, entre lo visible y lo ausente. Cada obra captura la tensión entre la presencia sólida, pesada y estructurada del puente negro y la sutilidad de los finos cables que lo sustentan. Este contraste entre la fuerza de la estructura y la fragilidad de su soporte invita a reflexionar sobre el proceso creativo, como un espacio en el que se construye y se deconstruye simultáneamente.",in_stock,,,https://140d.art/galeria/p/umbral-19,,https://140d.art/_next/image?url=https%3A%2F%2Fcdn.140d.art%2Fart%2Fe7e54543-0226-428d-9366-436ef2a63d57.webp&w=1920&q=75,110 EUR,,,no,,,Pilar Español,"""Obra de arte"", ""Técnica mixta sobre papel""",,,new,no,,,,,unisex,Técnica mixta sobre papel,,adult,,,100 g,100 g,,,,,,,,
umbral-21,Umbral #21,"La serie “Umbrales” continúa la exploración llevada a cabo sobre el proceso creativo en la novela híbrida “El Límite”. No se trata de una ilustración del libro, sino de otra manifestación de una misma búsqueda.
Esta serie de obras explora la idea del puente como metáfora del umbral al instante previo a la creación. Se explora el espacio suspendido entre lo definido y lo intangible, entre lo visible y lo ausente. Cada obra captura la tensión entre la presencia sólida, pesada y estructurada del puente negro y la sutilidad de los finos cables que lo sustentan. Este contraste entre la fuerza de la estructura y la fragilidad de su soporte invita a reflexionar sobre el proceso creativo, como un espacio en el que se construye y se deconstruye simultáneamente.",in_stock,,,https://140d.art/galeria/p/umbral-21,,https://140d.art/_next/image?url=https%3A%2F%2Fcdn.140d.art%2Fart%2Ff11b3b71-018b-471c-b280-94e3f722450d.webp&w=1920&q=75,110 EUR,,,no,,,Pilar Español,"""Obra de arte"", ""Técnica mixta sobre papel""",,,new,no,,,,,unisex,Técnica mixta sobre papel,,adult,,,100 g,100 g,,,,,,,,
umbral-28,Umbral #28,"La serie “Umbrales” continúa la exploración llevada a cabo sobre el proceso creativo en la novela híbrida “El Límite”. No se trata de una ilustración del libro, sino de otra manifestación de una misma búsqueda.
Esta serie de obras explora la idea del puente como metáfora del umbral al instante previo a la creación. Se explora el espacio suspendido entre lo definido y lo intangible, entre lo visible y lo ausente. Cada obra captura la tensión entre la presencia sólida, pesada y estructurada del puente negro y la sutilidad de los finos cables que lo sustentan. Este contraste entre la fuerza de la estructura y la fragilidad de su soporte invita a reflexionar sobre el proceso creativo, como un espacio en el que se construye y se deconstruye simultáneamente.",in_stock,,,https://140d.art/galeria/p/umbral-28,,https://140d.art/_next/image?url=https%3A%2F%2Fcdn.140d.art%2Fart%2F75a5d3fc-f507-4414-8d50-871827aeb044.webp&w=1920&q=75,120 EUR,,,no,,,Pilar Español,"""Obra de arte"", ""Técnica mixta sobre papel""",,,new,no,,,,,unisex,Técnica mixta sobre papel,,adult,,,100 g,100 g,,,,,,,,
umbral-31,Umbral #31,"La serie “Umbrales” continúa la exploración llevada a cabo sobre el proceso creativo en la novela híbrida “El Límite”. No se trata de una ilustración del libro, sino de otra manifestación de una misma búsqueda.
Esta serie de obras explora la idea del puente como metáfora del umbral al instante previo a la creación. Se explora el espacio suspendido entre lo definido y lo intangible, entre lo visible y lo ausente. Cada obra captura la tensión entre la presencia sólida, pesada y estructurada del puente negro y la sutilidad de los finos cables que lo sustentan. Este contraste entre la fuerza de la estructura y la fragilidad de su soporte invita a reflexionar sobre el proceso creativo, como un espacio en el que se construye y se deconstruye simultáneamente.",in_stock,,,https://140d.art/galeria/p/umbral-31,,https://140d.art/_next/image?url=https%3A%2F%2Fcdn.140d.art%2Fart%2F8c20bc96-65e6-4d50-9908-0c9245a24ccb.webp&w=1920&q=75,120 EUR,,,no,,,Pilar Español,"""Obra de arte"", ""Técnica mixta sobre papel""",,,new,no,,,,,unisex,Técnica mixta sobre papel,,adult,,,100 g,100 g,,,,,,,,
umbral-32,Umbral #32,"La serie “Umbrales” continúa la exploración llevada a cabo sobre el proceso creativo en la novela híbrida “El Límite”. No se trata de una ilustración del libro, sino de otra manifestación de una misma búsqueda.
Esta serie de obras explora la idea del puente como metáfora del umbral al instante previo a la creación. Se explora el espacio suspendido entre lo definido y lo intangible, entre lo visible y lo ausente. Cada obra captura la tensión entre la presencia sólida, pesada y estructurada del puente negro y la sutilidad de los finos cables que lo sustentan. Este contraste entre la fuerza de la estructura y la fragilidad de su soporte invita a reflexionar sobre el proceso creativo, como un espacio en el que se construye y se deconstruye simultáneamente.",in_stock,,,https://140d.art/galeria/p/umbral-32,,https://140d.art/_next/image?url=https%3A%2F%2Fcdn.140d.art%2Fart%2F20ecad34-0d40-4abc-a9cd-b3f469f27663.webp&w=1920&q=75,120 EUR,,,no,,,Pilar Español,"""Obra de arte"", ""Técnica mixta sobre papel""",,,new,no,,,,,unisex,Técnica mixta sobre papel,,adult,,,100 g,100 g,,,,,,,,
umbral-36,Umbral #36,"La serie “Umbrales” continúa la exploración llevada a cabo sobre el proceso creativo en la novela híbrida “El Límite”. No se trata de una ilustración del libro, sino de otra manifestación de una misma búsqueda.
Esta serie de obras explora la idea del puente como metáfora del umbral al instante previo a la creación. Se explora el espacio suspendido entre lo definido y lo intangible, entre lo visible y lo ausente. Cada obra captura la tensión entre la presencia sólida, pesada y estructurada del puente negro y la sutilidad de los finos cables que lo sustentan. Este contraste entre la fuerza de la estructura y la fragilidad de su soporte invita a reflexionar sobre el proceso creativo, como un espacio en el que se construye y se deconstruye simultáneamente.",in_stock,,,https://140d.art/galeria/p/umbral-36,,https://140d.art/_next/image?url=https%3A%2F%2Fcdn.140d.art%2Fart%2F22fcd2e4-13a3-4bb0-96aa-000d47a78ffe.webp&w=1920&q=75,120 EUR,,,no,,,Pilar Español,"""Obra de arte"", ""Técnica mixta sobre papel""",,,new,no,,,,,unisex,Técnica mixta sobre papel,,adult,,,100 g,100 g,,,,,,,,
el-limite,El Límite,"Durante años la pintura ha sido mi forma de acercarme a una pregunta: El lugar donde las cosas comienzan a existir. El momento previo a la creación. Y en esa búsqueda encontré la escritura y así nació este libro, no como un proyecto independiente sino como otra forma de recorrer el mismo territorio.",in_stock,,,https://140d.art/tienda/p/el-limite,,https://140d.art/_next/image?url=https%3A%2F%2Fcdn.140d.art%2Fothers%2F0af3d52c-03b9-4e2a-ac14-5d6167500ce7.webp&w=1080&q=75,20 EUR,,,no,,,Pilar Español,"""Literatura"", ""Novela híbrida"", ""Libro"", ""Novela""",,,new,no,,,,,unisex,Líbro físico. Tapa blanda,,adult,,,200 g,200 g,,,,,,,,
fragil-1,Frágil #1,"FRÁGIL #1 explora estructura y deterioro. La abstracción geométrica convive con erosión, accidentes y materia expuesta en una ilusión material que confunde lo construido con lo erosionado y hace visible aquello que creemos oculto bajo la superficie.",in_stock,,,https://140d.art/galeria/p/fragil-1,,https://140d.art/_next/image?url=https%3A%2F%2Fcdn.140d.art%2Fart%2Fd37b33b7-9b48-41e8-80b8-62f389dbec9a.webp&w=1920&q=75,590 EUR,,,no,,,BAZKEZ,"""Obra de arte"", ""Acrílico sobre madera""",,,new,no,,,,,unisex,Acrílico sobre madera,,adult,,,800 g,800 g,,,,,,,,
fragil-2,Frágil #2,"FRÁGIL #2 explora estructura y deterioro. La abstracción geométrica convive con erosión, accidentes y materia expuesta en una ilusión material que confunde lo construido con lo erosionado y hace visible aquello que creemos oculto bajo la superficie.",in_stock,,,https://140d.art/galeria/p/fragil-2,,https://140d.art/_next/image?url=https%3A%2F%2Fcdn.140d.art%2Fart%2F98360ed0-7160-4a86-b78c-263a8c8a5492.webp&w=1920&q=75,590 EUR,,,no,,,BAZKEZ,"""Obra de arte"", ""Acrílico sobre madera""",,,new,no,,,,,unisex,Acrílico sobre madera,,adult,,,800 g,800 g,,,,,,,,
fragil-3,Frágil #3,"FRÁGIL #3 explora estructura y deterioro. La abstracción geométrica convive con erosión, accidentes y materia expuesta en una ilusión material que confunde lo construido con lo erosionado y hace visible aquello que creemos oculto bajo la superficie.",in_stock,,,https://140d.art/galeria/p/fragil-3,,https://140d.art/_next/image?url=https%3A%2F%2Fcdn.140d.art%2Fart%2F8ab02b8c-aed6-4a19-89d6-e9cafdd3bf6e.webp&w=1920&q=75,590 EUR,,,no,,,BAZKEZ,"""Obra de arte"", ""Acrílico sobre madera""",,,new,no,,,,,unisex,Acrílico sobre madera,,adult,,,800 g,800 g,,,,,,,,
fragil-4,Frágil #4,"FRÁGIL #4 explora estructura y deterioro. La abstracción geométrica convive con erosión, accidentes y materia expuesta en una ilusión material que confunde lo construido con lo erosionado y hace visible aquello que creemos oculto bajo la superficie.",in_stock,,,https://140d.art/galeria/p/fragil-4,,https://140d.art/_next/image?url=https%3A%2F%2Fcdn.140d.art%2Fart%2F6f8549cd-95fc-4483-8096-946f3fd369c7.webp&w=1920&q=75,590 EUR,,,no,,,BAZKEZ,"""Obra de arte"", ""Acrílico sobre madera""",,,new,no,,,,,unisex,Acrílico sobre madera,,adult,,,800 g,800 g,,,,,,,,